{
	"groups": {
		"active_window_status":  {"fg": "darkblue",   "bg": "gray0",    "attrs": []},
		"window_status":         {"fg": "gray70",     "bg": "gray0",    "attrs": []},
		"activity_status":       {"fg": "yellow",     "bg": "gray0",    "attrs": []},
		"bell_status":           {"fg": "red",        "bg": "gray0",    "attrs": []},
		"window":                {"fg": "gray6",      "bg": "gray0",    "attrs": []},
		"window:divider":        {"fg": "gray4",      "bg": "gray0",    "attrs": []},
		"window:current":        {"fg": "mediumcyan", "bg": "darkblue", "attrs": []},
		"network_load":          {"fg": "gray8",      "bg": "gray0",    "attrs": []},
		"network_load_gradient": {"fg": "green_yellow_orange_red", "bg": "gray0", "attrs": []},
		"window_name":           {"fg": "white",      "bg": "darkblue", "attrs": ["bold"]},
		"session":               {"fg": "black",      "bg": "gray90",   "attrs": ["bold"]},
		"session:prefix":        {"fg": "gray90",     "bg": "darkblue", "attrs": ["bold"]}
	}
}
