{
    "default_module": "powerline.segments.common",
    "segment_data": {
        "uptime": {
            "before": "⇑  "
        },
        "date": {
            "before": "⌚ "
        }
    },
	"segments": {
		"right": [
			{
				"function": "powerline.segments.common.sys.uptime",
				"priority": 50
			},
			{
				"function": "powerline.segments.common.net.network_load",
				"args": {
					"interface": "en3"
				},
				"priority": 50
			},
			{
				"function": "powerline.segments.common.sys.system_load",
				"priority": 50
			},
			{
				"function": "powerline.segments.common.bat.battery"
			},
			{
				"function": "powerline.segments.common.time.date"
			},
			{
				"function": "powerline.segments.common.time.date",
				"name": "time",
				"args": {
					"format": "%H:%M",
					"istime": true
				}
			},
			{
				"function": "powerline.segments.common.wthr.weather",
				"args": {
					"unit": "F",
					"location_query": "30005"
				}
			},
			{
				"function": "powerline.segments.common.net.external_ip",
				"priority": 10
			}
		]
	}
}
